"node","degree_low_mean","cluster_low_mean","bw_centrality_low_mean","degree_high_mean","cluster_high_mean","bw_centrality_high_mean","cluster_p","cluster_t","bw_centrality_p","bw_centrality_t","degree_p","degree_t"
"L1",21.36480946909686,26.0604260586892,17.021,23.851145347162888,26.5765622098818,21.016,"0.01707007994225885",3.0383791763634087,"1.830308227708765e-10",6.770280476257888,"2.9997732194126296e-69",19.2181307524772
"L10",35.56530368756285,34.27282211428815,101.822,30.184436890595023,32.90205241014999,31.902,"6.362726961273205e-28",-11.513692283745252,"4.960729504660669e-267",-49.2508803636792,"1.5237651476739516e-163",-33.405743767466056
"L100",33.241208441031546,35.37054763996089,21.274,27.636216768433084,37.7450388754723,13.553,"7.4708119981882325e-53",16.437244820335742,"5.821579332910886e-46",-15.197132401837074,"4.329085962080498e-149",-31.292874639681227
"L101",27.68778249118192,33.39109504913049,10.53,29.932996497231642,40.01973254707541,11.671,"4.6781407953752e-267",49.161503566411994,"0.051321249496282244",2.68927964786354,"1.158437215869977e-36",13.370104349003276
"L102",33.98334441815935,33.20490824367004,28.369,29.38726335170244,32.97284643842626,35.922,"0.25154898218329297",-2.0861137436419153,"2.1205673434557e-28",11.631225407908031,"3.692906749409417e-128",-28.22954773688681
"L103",30.651807605310267,30.45669122999096,40.504,28.794719171228227,29.484111530979803,30.227,"1.8188670533319822e-16",-8.641391507616138,"2.4592793316596346e-21",-9.954090043985369,"2.5487484891652157e-25",-10.907612833484995
"L104",24.178460344148306,29.48061162287158,19.944,27.84324761582978,28.672382455787183,43.479,"8.259021533357078e-7",-5.34718867573939,"4.2954530843027463e-147",31.051806090686938,"1.7312876027697834e-101",24.261987043046723
"L105",21.44835511963768,26.022455291267637,27.94,24.687733957198038,26.450035921302494,28.399,"0.030590184758165634",2.8539400430220336,"1.0",0.5237077122010969,"9.348628703451211e-101",24.15117430235421
"L106",28.155306767307316,28.922365747276668,42.572,27.881412054753817,31.596835012214594,41.398,"1.775089383518913e-62",18.105107874330592,"0.3164548913394356",-1.9935435018875944,"0.3542016301361503",-1.926052725239194
"L107",21.791791536756488,32.8646330323704,6.071,30.07468788409416,39.737255063284884,12.973,"1.840586159192092e-272",50.03976068292412,"9.893908220786425e-63",18.161974712394162,"1.2623670368271246e-203",39.333799294290586
"L108",32.90076548440939,34.17230261434648,35.154,28.785078215188214,33.65071409872405,18.239,"0.00014650667636213397",-4.283075861462532,"3.736089826562479e-159",-32.821009227123106,"4.3543420212295856e-122",-27.33355019349906
"L109",27.950644477799102,35.44483684114665,10.497,23.322109649377232,35.69663832802039,6.468,"0.6026870664788513",1.6942987584594755,"3.6979586685020036e-10",-6.661698126942133,"1.6017642468027222e-124",-27.6928414881633
"L11",30.032834405624058,36.281678138263146,13.754,24.70955040087897,34.94865394132732,5.254,"1.113245640579483e-28",-11.684501867631798,"1.0432302716255365e-113",-26.13000694128547,"7.12756895811194e-168",-34.04144416225812
"L110",31.392523316767754,35.87328575378478,15.43,33.14051864655375,41.05936233853622,15.092,"8.603959734944857e-241",45.01221306229054,"1.0",-0.7546516326318294,"9.686273321493731e-21",9.783677690963735
"L111",27.28734989413954,33.67802849869341,12.248,20.90150129999956,24.412449394383547,18.768,"0.0",-61.980096223456336,"7.88029307955187e-83",21.423710501985518,"2.2107042642677865e-222",-42.16828409245248
"L112",33.303962418991574,38.83060687339248,7.107,19.401216661769034,31.972223258503643,4.677,"9.34445160706632e-214",-40.86204419139709,"3.475570353507417e-18",-9.130956656465782,"0.0",-88.6659914964453
"L113",27.06806014151798,32.65821704308558,24.828,30.280797235598186,33.263609034469276,40.395,"6.2921362963733355e-6",4.9522227585624865,"1.0713374925320756e-92",22.956498166990436,"1.3809132853594313e-47",15.472754015212137
"L114",32.08810022261004,34.25318605537338,32.965,22.642953300161192,34.43375964605439,19.35,"0.9316287295452856",1.4714657477765483,"7.567766441829797e-111",-25.701153031588934,"0.0",-67.37307418211272
"L115",23.68900809772316,32.38774413249814,8.947,31.018588422182702,38.52946220630092,12.554,"8.078215312238375e-213",40.719675433844095,"3.018659484239728e-29",11.819581113061794,"4.8678844284252046e-225",42.576982038069524
"L116",26.974729987137604,32.249400308127,22.974,25.01884651798682,36.780256122270984,12.682,"2.1408279387821576e-119",26.95202482597098,"1.0142340642180492e-139",-29.966924211378434,"4.946196270910552e-32",-12.406792991959199
"L117",29.304867100479512,33.63827985846256,16.042,24.273450668445253,33.45500698470857,6.138,"0.8847822728830236",-1.502122413282,"6.560736266184369e-118",-26.75781771385229,"1.3283099432452534e-164",-33.56103773327895
"L118",27.87419048760189,28.349487567909527,31.886,22.945304420266726,30.981451428063508,18.829,"1.3304414656816996e-53",16.57081660681301,"2.2499666232803883e-114",-26.229583386391756,"1.8893551698872107e-171",-34.566427966141994
"L119",35.64251074861171,34.47581923772143,38.458,32.52078168626862,32.4139079902519,33.124,"7.920271745291395e-67",-18.834275482152446,"1.319110497714984e-12",-7.490719729303946,"1.9957245686019918e-70",-19.411196183848258
"L12",24.576826218456578,30.957255123476525,8.462,25.073468239949104,34.43685166827034,2.86,"1.809812061028447e-66",18.774410589929627,"2.194762493518339e-50",-16.009371371909562,"0.029240004305188312",2.8562642166645373
"L120",23.912034758481415,33.25560170635881,13.924,28.84958142665492,39.09413761111295,10.078,"3.91106038644042e-137",29.55625706159225,"1.6168199746481933e-12",-7.461789079174064,"2.4677485639294018e-147",31.036589860812768
"L121",29.511962727245855,32.045122640427124,39.335,28.180319771874572,34.35510338018116,14.756,"4.542290404072485e-56",17.005100003558333,"5.192580581944549e-187",-36.92585617678036,"2.37581184954107e-17",-8.880784057179026
"L122",27.543581666809725,33.58468305413653,41.148,24.77918198422036,29.92861451937343,22.059,"4.5137438459471386e-167",-33.936335050850424,"4.280980533493101e-136",-29.43578246577796,"6.706904280956322e-64",-18.33082954198286
"L123",20.502463722519085,36.26420456719328,1.842,22.064252522264358,35.2975668480002,0.369,"9.250007622427389e-11",-6.865412685224402,"4.292738235275923e-78",-20.674122315975406,"4.947280396582398e-30",11.97520852336423
"L124",31.023854988229832,34.13610615865069,19.785,27.96971886350604,38.79640972197153,7.265,"1.8238171233554513e-185",36.640801126654075,"2.687488459198974e-142",-30.344954900884265,"1.101634548213929e-59",-17.616157854874483
"L125",31.314348957937945,29.933851549933753,39.21,31.04858919277015,32.27396872073699,49.648,"4.7770321729293896e-67",18.871067797954613,"7.730800703945182e-25",10.810537093701218,"0.6627354000815541",-1.6361662541093012
"L126",22.54548926123295,35.86459248660302,2.084,23.70652101418833,33.758490785405755,8.41,"4.1870140969262356e-41",-14.259255567196591,"6.816016520886802e-180",35.870979356351334,"4.2906397524001087e-16",8.52657427237121
"L127",34.95660726041574,34.256953281862124,41.893,26.954471758715368,30.90233476840124,18.239,"9.351140710088914e-119",-26.856967004730706,"5.987029232372973e-179",-35.725303098055896,"1.3897339926792592e-290",-53.00058859096293
"L128",33.43533617560468,37.00783772809482,18.837,28.856456686597923,38.40971758383083,13.1,"1.6416022129050054e-28",11.646436227033174,"1.8425704558276227e-42",-14.531564251107303,"1.5012456062889904e-131",-28.727482007794087
"L129",26.593215199785796,33.9590335580608,22.475,28.323467168372517,37.83215412244132,19.111,"1.544107070168113e-87",22.14734687839309,"3.137243815038078e-11",-7.034791430032989,"2.657992269311263e-23",10.42351085504415
"L13",19.365092031945473,25.893241069776288,10.319,21.24540910120352,25.767139743859513,13.759,"1.0",-0.7316559621751966,"9.883766040823042e-10",6.508574127374762,"3.4086120032046427e-51",16.128587432964373
"L130",29.4592257527598,35.417533595066715,14.301,25.80310047343944,35.58643213821314,7.188,"1.0",1.2530046983802687,"2.2592041638980863e-73",-19.916809394922506,"7.616037718383549e-91",-22.63869992306182
"L131",25.28485608389026,27.205082846272816,49.734,20.20689521042582,22.35699835302477,54.153,"1.377599170649846e-190",-37.39828166862836,"1.3834487685228574e-14",8.104414034254011,"1.152584941046276e-224",-42.51832953920771
"L132",20.93136187190563,27.86436783799679,10.967,22.59944707612311,25.807247123438078,34.462,"2.334549931582932e-26",-11.156182870507598,"3.7765341622159445e-171",34.57481681751228,"2.2936505353343641e-32",12.478128584263292
"L133",26.32827671048685,28.874077478796696,32.758,24.79092355419768,32.36447528579311,35.23,"7.478649993409856e-88",22.196628423386542,"0.00017551918014865937",4.251369890413653,"4.0460029805082e-24",-10.621943841458174
"L134",30.2392719114172,39.082438853903064,10.747,33.287404385899464,41.0695295897409,12.812,"5.005298868921244e-55",16.822719841222227,"8.778146912938806e-8",5.763231018055081,"1.662674304695435e-65",18.599480146988444
"L135",27.313379389483323,32.80394695572683,12.059,37.702927570468994,40.18495441469821,24.677,"9.687389642135636e-272",49.92007634463922,"1.2086815896678544e-100",24.167328927459003,"0.0",64.59066000226264
"L136",30.162677214822516,27.67247477279993,73.13,25.592685097979775,31.65839371962709,25.734,"6.42018938938468e-109",25.395616439594225,"1.7852315405e-313",-57.02866732858923,"2.617581553567842e-153",-31.908300916915792
"L137",35.8160482022517,34.302088980808065,44.541,28.329234821523915,30.587140104642483,24.047,"4.9443486404143635e-149",-31.293309131994597,"1.2658713962714875e-154",-32.15600117151915,"1.6353852141975819e-246",-45.901000285805125
"L138",29.542528223543506,35.010644377360684,20.324,30.253770156937176,38.10253509013165,10.891,"6.776394996796055e-113",25.988574825564072,"2.28273915528401e-81",-21.193760559276864,"0.00015132723610938634",4.265881965480734
"L139",29.817597311914994,32.564056165155485,28.503,24.897626109629506,28.64704827163489,21.103,"2.870596186428843e-132",-28.842991672935852,"4.3193948715654635e-34",-12.859259475273527,"2.206334359617689e-122",-27.37750864029237
"L14",25.565707938027817,31.88151664884295,19.134,27.493060329546445,32.55279579193985,15.955,"7.91447917350012e-7",5.3558935935109515,"3.709454478485957e-13",-7.6661652422298205,"1.7138343969985235e-27",11.409739042951056
"L140",34.972939335506034,34.35992961935121,27.39,29.537098514375582,34.12692479075504,20.46,"0.22626383349726123",-2.130740469580325,"3.5601420680662034e-25",-10.890331369141393,"6.121688199509252e-166",-33.758392506504414
"L141",25.103939759229117,38.98925725117866,0.056,23.031192686826685,34.02302347901264,0.748,"6.266283133876964e-171",-34.50172646561771,"4.533976749525777e-30",12.001775766977799,"1.1030739505215248e-36",-13.374849054929621
"L142",25.20414966141162,30.413645117229215,24.804,20.73015963074868,28.933627950773314,12.857,"5.787232830068874e-18",-9.058063446578279,"7.878183067632236e-134",-29.10280176379559,"3.006413903244826e-165",-33.65594253798376
"L143",26.11656343042333,36.0218606798949,3.444,32.81306476668231,39.79367256970926,6.38,"1.6539534673390978e-158",32.679435588436796,"3.2512717236068774e-45",15.056226151877333,"4.076922195604284e-242",45.21513674010105
"L144",24.78534795074045,33.0824479227607,22.171,21.149595811449196,31.135109618017545,5.906,"8.064854170309173e-44",-14.781789480652868,"1.0620122275974968e-198",-38.6664263735644,"1.7274276291657564e-104",-24.714723458624643
"L15",29.147523783837432,27.382770060517416,40.492,24.182286103865387,27.984356746955214,36.713,"0.00024090257499269254",4.16816205722775,"9.136665449684286e-8",-5.755475310971379,"2.262824097526846e-181",-36.02522489976925
"L16",30.6971054562823,33.035492268613275,22.741,25.76349123241016,33.370263384477155,5.931,"0.12492660974459323",2.3624331558119196,"9.087384291372585e-196",-38.226144462964164,"3.854134167280221e-142",-30.277638803228506
"L17",29.333102395235308,32.491976934128594,17.269,23.897734966809892,32.77199176723851,3.873,"0.06193243957702502",2.6161742783836637,"7.610997185228082e-187",-36.89854271267391,"3.6192981850098614e-158",-32.62015239197797
"L18",32.40149911214725,37.99685858665422,16.969,31.651686819896064,37.575542848658706,9.354,"0.0029955111135245172",-3.5370276164651258,"3.1139394721803443e-78",-20.696897506830577,"6.481034954519753e-5",-4.456665401151601
"L19",25.698119751721876,33.845775738545186,3.987,27.076272969693964,34.60554214554976,6.771,"7.670841068293487e-7",5.362481949723238,"1.0753916014610142e-36",13.395062594779892,"1.3901470160101863e-15",8.378471383283328
"L2",32.90080249458461,33.684876404626316,25.521,29.825053362945262,33.86352653515648,29.007,"1.0",1.4222850455468719,"2.5630677085077137e-8",5.975927010413909,"3.394147439618702e-57",-17.187157037234854
"L20",27.876613395186094,31.830294893648915,30.051,29.095877589566378,30.470939238612466,32.886,"1.1321779746169429e-30",-12.123117910148755,"0.0017903816475564594",3.676562354200449,"6.113462989591621e-15",8.188427603567108
"L21",24.516038733166983,31.89231481485823,11.815,23.569634562811896,35.60074500339997,0.732,"2.1785312781858425e-94",23.203321064349364,"5.0138663371214e-148",-31.18912165149022,"1.3746371559650334e-8",-6.062619473493978
"L22",25.841605733568315,29.90051326194962,12.611,30.979821830695805,38.407515659063655,10.69,"1.4307385e-317",57.62168743239701,"0.0004181174028957475",-4.041384115769097,"2.0443960461353443e-165",33.681179360690486
"L23",29.968876330845912,30.291832248618768,64.036,29.4720769088863,32.01854532603022,31.786,"5.622751961311272e-39",13.841692487460765,"1.0869347194224077e-203",-39.42275564556749,"0.010029368940143524",-3.1877355734326875
"L24",30.31917392017079,33.57984348443181,23.364,21.978219612533913,31.672216705102482,14.299,"1.2041527313251445e-50",-16.041635679341873,"9.44511802643459e-78",-20.619104026501542,"0.0",-58.697274479687024
"L25",23.446784877533446,31.981284591409757,18.25,19.513712515408777,23.206079193309613,40.172,"3.575952697e-314",-57.021443022699536,"1.8965362166349202e-96",23.529642217610224,"7.13052955847155e-109",-25.372350022952034
"L26",22.682541840892682,30.076950638606753,13.302,29.20585553714026,30.598091087453096,37.989,"0.0012108541923325311",3.776565726184508,"9.573349740352361e-191",37.47978343025093,"1.1864463565185806e-132",28.889179401841275
"L27",28.333019287483136,35.267953734629636,9.502,34.680040017871754,39.332022080948086,20.375,"8.703273228852389e-160",32.86659866449995,"9.16477060404613e-110",25.539232207062703,"1.4452570572479169e-185",36.64581865565161
"L28",28.0866325221415,35.97512961757079,15.204,27.051979191259647,36.70109188551011,10.35,"1.2018078377071059e-6",5.27535719575219,"1.4858659460634718e-29",-11.887871190507363,"3.077027468918359e-9",-6.309747714948945
"L29",20.642026441600233,35.47399130772463,2.074,24.917657461078946,35.92386847976952,1.947,"0.003503766261641089",3.4938361623413585,"1.0",-1.154403596887393,"1.4345122910577602e-154",32.09403767473001
"L3",24.392305966849527,31.145036715957247,23.478,24.168572992136195,30.936372490165954,14.28,"0.5064430915916196",-1.777542518311153,"2.721147441455648e-75",-20.22630074593015,"0.6892960107001613",-1.6151411165522007
"L30",24.456915908535443,31.934035413323247,7.396,26.646064053885848,37.61513888402836,6.938,"5.021754770466353e-199",38.65314914165568,"0.2986365984949701",-2.0196079915591176,"8.836763345651328e-48",15.508776946366773
"L31",28.221810611692238,35.696400152964046,20.908,25.552085660551498,32.52180268776679,12.88,"1.8453390290572088e-111",-25.77429319271891,"9.701981083060814e-48",-15.5264327890702,"2.6370744554603103e-40",-14.09471781733016
"L32",20.280926358910357,27.736560580480315,25.749,20.335437522344467,22.77376837569245,64.206,"7.333610637372299e-151",-31.561918928322537,"0.0",66.5730874676711,"1.0",0.46485002895978134
"L33",23.016786699604523,31.43624986513587,3.432,22.804959111185926,33.501697798920226,4.16,"1.6015920671758614e-26",11.194332135610738,"0.0005184617864105",3.9888569450234286,"0.9931515240550085",-1.4242360316182483
"L34",34.3931209937843,36.60973516540577,24.286,33.45381539458464,36.250043071465456,11.811,"0.0026303082061987096",-3.573749631290727,"1.909654559940267e-90",-22.608549224408158,"1.0378796878828289e-8",-6.109975854161446
"L35",26.59421420532373,32.84030793562586,4.091,26.27072798877742,28.749005897431207,15.331,"1.475238647405003e-163",-33.41887004081232,"2.7283156381522826e-90",22.584031200579595,"0.3076177560420549",-1.988236798608732
"L36",30.385910776754258,35.17293274334479,14.517,28.13307471503808,36.068998687152195,19.769,"8.430039991716927e-10",6.5250809090428525,"2.2784816805930305e-28",11.623148474735887,"1.6499581926346217e-34",-12.928408842543446
"L37",33.55546333641512,34.407770663329636,19.395,32.416231112731666,34.08773949230003,20.358,"0.031244407672963943",-2.8459179079991017,"0.5361797060508975",1.7545878261381942,"5.619341011733136e-15",-8.19979298146064
"L38",27.475462638558778,26.65670791707848,29.471,19.91085716563931,24.055213560301535,29.215,"1.3579943766197806e-78",-20.743040198812164,"1.0",-0.5119544293720393,"0.0",-68.08752174872818
"L39",33.138855156070726,35.895911410513605,26.844,26.326860716533496,37.06567173768507,11.257,"1.5618177398686527e-18",9.213848904602099,"1.3523732899020633e-175",-35.231524630002504,"1.7708190959119315e-234",-44.025719723511294
"L4",30.835184913799388,35.089260555525556,8.874,24.258970308480823,33.3813892735582,8.071,"4.664694803423788e-37",-13.458662160918646,"0.07276244677075046",-2.5656635118109645,"2.3840034208891346e-241",-45.09405313931427
"L40",34.67335826146535,34.905987610718256,22.302,29.361121654744064,35.80883027621653,22.216,"6.306974088854746e-14",7.892522187326521,"1.0",-0.14927304677371633,"7.592965796988774e-152",-31.694718098639832
"L41",29.21532202857147,31.326193567680555,49.458,28.749668267355442,29.98245521444987,35.932,"1.043187302012611e-32",-12.5600047685816,"6.667666748956181e-46",-15.185596422836756,"0.02259898544835248",-2.9389427756559345
"L42",25.58653836438457,30.959049765211763,13.303,23.396797964742895,35.34128238660323,11.488,"9.670842696686181e-115",26.263305752967995,"1.9444426907868527e-7",-5.62151198789692,"4.063474984699024e-40",-14.05764731198259
"L43",20.31811642682312,30.918539007548617,6.419,24.206241482608352,36.69785220710066,11.062,"7.17257312552921e-186",36.701658838913104,"7.591681336429265e-48",15.54654619754274,"2.8822008607128084e-112",25.8789700954024
"L44",23.605545119930394,36.72955233592652,1.946,30.518637689430406,41.49015347146673,4.23,"5.314721176911443e-168",34.072959184809726,"1.3385110574622674e-56",17.112980277255875,"1.829272131760262e-219",41.72314323572837
"L45",33.86529694898761,36.041498665231195,23.401,30.089892334851527,38.16568020086872,15.87,"1.9591530183820204e-61",17.928546536016338,"3.517304783884619e-42",-14.477295364105434,"7.779128829247125e-93",-22.9442709962756
"L46",25.047087649613783,36.069922847625826,9.148,36.86699098913139,40.438226747229706,40.997,"1.8427068679530567e-178",35.60732002380442,"2.789050208482758e-272",50.12341323974226,"0.0",68.7088375028581
"L47",21.903224828853343,30.08897873061538,12.508,27.932153484055853,35.776297402727074,12.143,"3.045320025910622e-175",35.134741667456716,"1.0",-1.0248660840888049,"4.56974074913431e-200",38.797906082293125
"L48",30.421940217288427,38.77159212474799,0.51,23.880328701602636,37.043254038524935,0.419,"6.8128597902138e-35",-13.016600870997115,"1.0",-1.2420286558255706,"4.711871301832055e-188",-37.01418258467443
"L49",29.661418320871018,27.345426743658336,68.071,22.905900765826622,27.62200905657823,37.785,"0.371903887276014",1.9192508025284516,"4.392433161199094e-260",-48.13246786330466,"3.7560355756380195e-300",-54.59975376783822
"L5",25.227732529345815,29.208250651103782,14.05,32.24752261420711,39.70469119241255,6.854,"0.0",90.68343521197927,"5.0352700122233364e-73",-19.860057703143998,"3.411954361300233e-231",43.519900105558804
"L50",28.784372137925924,36.37006067711421,10.563,20.050596643655787,32.184789703202284,6.865,"2.7026799726892905e-101",-24.250733297909246,"1.0267133767098308e-29",-11.923637258307911,"2.1338750865212576e-306",-55.666504356141864
"L51",33.03168077511502,35.44616340644725,63.905,31.5580518061366,33.893379907769365,53.826,"1.9897615373285166e-38",-13.732659418619928,"2.5525718716048095e-21",-9.949431619067038,"3.285864000055624e-23",-10.400651328840086
"L52",29.25777300809574,34.828217828229505,11.005,33.94102452478855,39.74152270653436,6.241,"2.053872250410989e-243",45.42118251588436,"4.445264634852042e-40",-14.068286664993103,"6.830604345368921e-147",30.971545443822286
"L53",25.49607556795632,34.167590326335024,10.411,20.323221856612697,24.175095010908038,12.967,"0.0",-60.4178435092455,"1.4717938025400493e-17",8.957879605238793,"3.9261481810087736e-178",-35.54810075756149
"L54",24.116901548577367,31.1623644538515,20.32,25.35267719048837,31.258225418099293,25.945,"1.0",0.629936571950236,"2.1486592650827386e-28",11.629391299400567,"8.75774494723842e-14",7.839033815156192
"L55",30.224960962501832,35.421084813877236,16.745,25.768153675338457,35.061168654940914,7.212,"0.06640979657775993",-2.590766615939038,"1.971930082870427e-116",-26.53569355171409,"9.3517437119059e-117",-26.54563348638681
"L56",27.005584339101805,30.162597301162887,23.394,23.193760973939344,32.44757378992815,18.734,"8.304395551673417e-41",14.201166046522104,"1.7291311070467305e-9",-6.419723611174947,"1.3987514552822036e-107",-25.17859193739207
"L57",25.552288441784732,35.822176134192134,3.903,32.093199928542994,41.623005390019884,6.684,"9.92002616773794e-262",48.30893644474992,"2.163852885314654e-55",16.902071204424306,"7.722961646686058e-214",40.86868495921285
"L58",24.44995776319469,35.37297264028664,0.189,23.570553609685184,35.28445516395898,4.3,"1.0",-0.5653921305739802,"3.0088360546966852e-151",31.66288050888213,"1.750817395996493e-5",-4.7361217974814345
"L59",28.004626742596734,37.29138118010943,9.782,19.586460159659804,31.17925582398367,11.271,"6.607518196887959e-180",-35.82043494679361,"0.002498563773208448",3.588399162890498,"1.492062412317541e-255",-47.32299213853293
"L6",34.07438141991368,34.54913067582599,54.729,32.23439850498695,32.31120625858725,68.678,"1.2061455086390065e-67",-18.970684397157836,"3.223412515701955e-68",19.076652581692475,"5.913137963463159e-34",-12.813023677532025
"L60",28.164472395562594,33.19780125018387,16.746,22.157057171081373,34.27688051926581,11.923,"3.620640294185744e-13",7.657296250320559,"3.814068738434414e-30",-12.018700694996559,"7.899435443127207e-203",-39.212601039747014
"L61",26.898135127237946,28.333941073210706,20.705,28.87853421587675,31.795257223250374,22.867,"5.118330151288167e-91",22.685279754568736,"0.00025390946062473304",4.1635367755273585,"6.61143953406219e-39",13.819373023971403
"L62",26.29465361292645,31.86024882047198,25.705,29.145572312853204,37.62606904324793,5.597,"2.3373933383322862e-151",31.635026334681612,"9.608325014415857e-118",-26.732363181674554,"2.5837238253273275e-67",18.899761645883636
"L63",29.37407291363132,34.12174865851173,15.935,23.828851098075333,37.962388112884895,5.952,"1.7460462002480875e-126",27.995777182413782,"3.062848806381723e-123",-27.546669644365643,"9.527802689876849e-158",-32.55818446852245
"L64",34.21358107198733,33.53717721687082,31.074,28.666922782397524,32.751108837230234,20.407,"5.107089243429574e-13",-7.609771451793828,"6.2935744400932515e-59",-17.51536316565646,"5.4604401699014884e-173",-34.79232991411138
"L65",33.537375968563545,37.076360880021255,15.115,33.01959527981323,39.682160781689475,23.474,"1.1106722656107578e-93",23.094793985090032,"1.0256990976493083e-49",15.887359207960063,"0.015948456298833392",-3.0474289346449055
"L66",28.92916660331619,33.527215278824116,22.149,24.870000948992523,33.664241291375404,6.383,"1.0",0.9913631357706081,"1.9833929281428414e-104",-24.738494475318664,"3.6774325897412845e-95",-23.300461209352687
"L67",22.702809450109793,28.941233512894975,21.134,27.468835018934097,28.013886731871764,38.55,"3.3907580821021907e-9",-6.302893155093259,"3.3048930437527085e-84",21.640968319706076,"1.789865562038658e-126",27.981423546434783
"L68",29.75335198861243,37.39375550217108,5.112,28.951424721977496,38.1993283815465,3.437,"1.615234978884514e-11",7.122760342623043,"6.161564072233618e-15",-8.209304380912322,"7.85377806126383e-6",-4.900632816432481
"L69",23.905541906087635,37.083809341333016,1.014,16.394510740817587,27.972731234795397,1.685,"0.0",-62.85043284598809,"3.4051396071647996e-6",5.083890774240141,"0.0",-58.723109755079456
"L7",29.078293665480746,35.566530530690386,15.453,28.959028266675737,33.31028597860921,26.968,"2.2597010350137383e-65",-18.59101188374564,"2.0934982592263603e-112",25.934229645275344,"1.0",-0.7982369540107717
"L70",30.008267909805788,35.51278763595072,15.854,28.473164055177552,36.77427830757151,8.334,"4.844689055402723e-22",10.120518140300566,"5.8051136274625545e-58",-17.34905614870465,"2.9870165063193774e-16",-8.571975671617183
"L71",31.73875272163497,32.68098650608943,30.612,29.631214874151382,34.738503030311364,27.562,"6.5856119708650056e-49",15.72681287201548,"3.237443549062945e-6",-5.094554305097103,"3.776330555527697e-36",-13.265750771079775
"L72",31.65722069321664,38.17152116671106,4.052,27.788610177782076,37.07952993209874,3.09,"1.9650192770328902e-18",-9.186521865728901,"0.00015871946783377458",-4.2752097868045205,"1.1692536018096347e-124",-27.7134662861145
"L73",28.925527255978064,33.953662171125075,16.314,23.837199323404,31.996404483234336,8.389,"3.943901939719039e-60",-17.705657659224116,"4.967601526850268e-75",-20.183793581366952,"1.3236456767370647e-160",-32.97587811002069
"L74",24.1485256672396,30.46918723004457,22.484,20.917051735544128,22.942412204082313,26.753,"4.626228418639659e-280",-51.29242178160799,"1.2357044841802537e-11",7.170698927788562,"9.546562003396266e-100",-23.99706728272137
"L75",22.399733484603672,32.48263457052641,14.279,18.647116565213476,22.65081590670857,20.577,"0.0",-60.28491204597249,"1.3032562231485728e-43",14.752552308664296,"4.199946787401137e-143",-30.419185121476296
"L76",29.536853069262612,33.808828210591386,13.588,30.18155835290317,36.2148494065532,14.494,"1.4763488074768443e-62",18.119099244036086,"0.29658567220772736",2.0240996124573405,"0.00017401731899120628",4.233137739179714
"L77",34.4528606689096,35.1098516110772,43.884,30.474906194920354,32.44201143467097,31.832,"1.2106966316963546e-101",-24.3038638638865,"2.1655624334295676e-37",-13.535473020717447,"1.9257310605305923e-85",-21.802860394056687
"L78",28.52436120944531,31.491529054542866,30.224,20.27339106206944,31.047175116171704,8.71,"0.05598674029429704",-2.651992965874835,"3.830809486345041e-173",-34.86837611674577,"6.5899352320759926e-307",-55.757849102261
"L79",35.88575526523162,34.613671019527644,57.419,32.405729149996745,32.417135995833874,57.296,"8.291802633901468e-73",-19.81502437447247,"1.0",-0.11963843654953812,"1.0584984493515458e-87",-22.153830836708508
"L8",30.43371947503233,38.699726012639,5.475,32.23335063760237,40.014812671685696,7.624,"8.688909758302071e-26",11.023629978207785,"3.588984181793629e-15",8.27897910901979,"6.620013411444004e-23",10.325502325816672
"L80",25.882179189091055,31.835366492694398,19.668,25.071738726729436,30.44143518556833,9.724,"2.809408505668342e-32",-12.468002256297362,"6.539710481144112e-120",-27.055929678778288,"7.198305588965332e-8",-5.780129898984887
"L81",30.666060456406797,29.147911439890528,69.874,27.98514126449638,33.77328762054713,22.68,"1.7069867391657825e-154",32.09413528712652,"6.928314065610206e-292",-53.35313352872411,"2.3727531560548667e-60",-17.73025601848008
"L82",23.4947211668665,35.35707427350212,1.462,25.839922103692462,37.413044047338985,5.258,"3.982337101004599e-42",14.456481950213451,"1.0467052014125561e-112",25.980669331823147,"4.588342833541605e-55",16.8154712867639
"L83",27.150118595352286,27.855314934731762,24.905,21.886481403591894,25.45889875320779,19.277,"6.140438878571869e-59",-17.501474339881998,"4.155840571865239e-14",-7.959483822062019,"1.1617307421330563e-179",-35.77323579040019
"L84",30.14907126553052,38.60153942312174,2.715,30.086655114932956,41.66148086804259,3.261,"1.9969366324487197e-102",24.42221941027726,"0.0003235184894484693",4.104035589670723,"1.0",-0.4300086743808772
"L85",26.770070549486014,32.955754658555634,13.137,23.24318878227237,30.07754759541019,11.504,"1.3832822152907174e-53",-16.567331309240146,"4.65713788014923e-6",-5.021738495623205,"1.720811593161697e-98",-23.806765837750675
"L86",34.20687783985946,34.14148012042869,25.67,29.643786301187077,33.418537172609035,33.492,"2.359682789957876e-9",-6.361750941547243,"2.2243241015895773e-31",12.285906107883124,"3.963046209542982e-118",-26.748830860463855
"L87",31.662436708066274,36.76417850361899,28.926,35.818071823687184,37.52314035897636,23.323,"2.708108267090584e-14",8.005095386010812,"1.8852032916776738e-15",-8.361863466325653,"1.7781964155610407e-98",23.804155131401448
"L88",30.964915551081692,31.277874982545487,30.388,28.80713874716272,29.958737967235308,33.891,"1.6165273795428895e-30",-12.089107571306252,"2.0146059522645065e-6",5.1877003349002795,"8.217242439553634e-41",-14.193624306627614
"L89",23.047218077991346,29.900894286863856,25.818,24.319113885151506,28.463021163286633,38.162,"2.7665212487586763e-12",-7.375002505068392,"6.68709809341757e-109",25.408231253941924,"6.059506543028578e-19",9.313965359335604
"L9",31.65327256511514,34.991045731194866,33.627,26.9987417797396,34.85576836789881,10.527,"1.0",-1.193853695344425,"3.830809486345041e-173",-34.86925038949685,"1.0191107962603662e-125",-27.869509591098854
"L90",22.507975347907763,28.442921009777063,25.048,18.36366598885379,23.644288871559223,22.429,"4.746155097715538e-143",-30.41999310331206,"0.0008175970826262328",-3.8757174007071358,"2.549500992639483e-194",-37.94313750972323
"L91",26.10519574019547,33.327865088713,9.131,29.895995857212238,38.45641277763204,10.116,"1.9173304690253603e-151",31.648386544739445,"0.019785666085451063",2.998026925707928,"1.0754786379638171e-100",24.141530809157477
"L92",23.659080948930043,39.61018861762696,2.493,32.050225020817976,41.39862849420897,3.192,"1.894111772022103e-31",12.290834247063048,"0.0003656884231461816",4.07416859746344,"2.0701284959245996e-279",51.15612473955535
"L93",27.823662511753696,34.68863750699949,18.427,33.51542224763298,39.6018509481324,18.262,"2.8021673373678723e-173",34.846288884855944,"1.0",-0.36212662235450743,"4.134509660986347e-184",36.42953707689765
"L94",30.32667443528207,36.37157240049455,10.579,27.796734944213576,33.38913121234521,9.592,"2.2112954244368595e-90",-22.58706744326811,"0.05396403551500742",-2.6710293071476894,"3.972551199359931e-52",-16.295851417806265
"L95",29.233617482156518,35.131143493681336,15.677,27.59526368300748,39.64851207474971,9.1,"5.356081176966391e-165",33.629798289818744,"7.968611255174122e-47",-15.357625126323208,"7.402496050209422e-20",-9.555044576163684
"L96",24.838371361522285,36.363525204060394,4.091,23.987138631443027,31.964782368790317,10.787,"7.826407969149872e-143",-30.387596492350752,"2.9041000709283808e-118",26.811048197835692,"5.78310533609787e-6",-4.9642219595895725
"L97",23.52062288510843,32.702762035237924,7.176,27.185974274845844,37.81540625855746,10.977,"1.6417662880673437e-165",33.705657139107444,"4.35968297270516e-41",14.265260930575767,"7.167159831691225e-84",21.557175336620098
"L98",23.72886327614003,29.513675021475233,37.328,28.092182299901488,29.30392137603699,39.796,"0.8975349050236009",-1.4928077428885038,"0.025650315643319897",2.916045244298468,"6.849087877972629e-93",22.953175682750466
"L99",21.65288262093333,27.908520458158566,17.776,23.163451900562848,26.56090078916424,23.564,"3.056774331810083e-10",-6.68330237635062,"9.043639962819728e-39",13.810865542611413,"2.957718229740932e-27",11.355041226555155
"R1",24.635546022066087,30.234282027886714,11.704,24.18248224300145,27.0518060058022,26.661,"1.8606193224513446e-84",-21.667175373127144,"2.7048985689125894e-181",36.079319763539594,"0.007071931551079519",-3.289543180385563
"R10",35.831084803429405,34.65552143442886,33.628,26.90731556858228,33.93425764481015,7.775,"3.7052693930171267e-9",-6.287894552719689,"4.112136177736033e-238",-44.663017783691124,"0.0",-59.1412071790563
"R100",30.45641902475152,34.083703865672724,10.881,30.314471120811685,39.160983172380114,5.827,"1.64561250136959e-232",43.723553369591386,"4.927150257146118e-36",-13.260189550044352,"1.0",-0.8854769936129343
"R101",26.27928741028043,32.740677154983125,9.441,26.83195476367229,33.790365999982875,60.231,"1.1272523811245568e-6",5.288192682514667,"1.0620122275974968e-198",38.664620537564694,"0.10244599084085207",2.42462346132728
"R102",35.56102683103015,33.552178384659285,27.57,32.20608089989829,35.43586805107902,26.563,"1.116490280761692e-70",19.46881079134134,"1.0",-1.3725318422959156,"2.6935035057011906e-82",-21.30982564469301
"R103",23.30903637289093,27.793584937285935,26.66,30.534095159693663,29.09476439331813,58.404,"4.2906783597656563e-20",9.62647840321169,"1.9909522257615288e-141",30.216953139616017,"1.8810204935271218e-200",38.85639228024033
"R104",26.55454010977706,29.72091061683923,19.892,29.06938809072637,29.31624034006381,32.922,"0.00954946107142455",-3.2120767178274194,"7.197829559347073e-92",22.829143907699574,"5.839051523043762e-44",14.797016887175612
"R105",26.03577068980263,28.688229095614535,24.638,24.098839868974846,25.99408960141889,29.689,"5.375876604239199e-66",-18.69557738504865,"4.162939679924944e-9",6.277621362697797,"3.455956217531685e-33",-12.652383309508545
"R106",28.943321025143785,30.749726191124047,53.396,25.921877924831914,28.462117996065484,33.305,"3.168066653379429e-65",-18.56609354175085,"2.030356875825709e-155",-32.273449325862444,"2.945812250721166e-85",-21.773696937173035
"R107",27.945624560415464,34.93447092950366,13.07,31.04290586439683,39.100839617770895,10.797,"9.777047730364279e-151",31.542924812758432,"4.161930349904444e-9",-6.278393723646478,"6.2275576742933936e-49",15.719690683911933
"R108",37.26522677243361,36.7176875470365,40.34,29.260178182615427,33.99393031469304,13.24,"4.533890212470322e-85",-21.763265094799802,"5.0358966329575704e-247",-46.06005689597325,"4.292119343925929e-289",-52.750740130236785
"R109",32.20781412195527,33.68002346675807,22.8,28.997156003199485,38.77102957961825,10.788,"1.0402960055118112e-198",38.60483425428341,"5.401269058504494e-67",-18.873850865339094,"8.383901973678374e-64",-18.314177415073264
"R11",24.269678591114403,33.68373639694633,4.712,30.089021464649825,35.031281045020265,11.479,"1.5248174426247194e-25",10.966238182515895,"8.289739196152569e-98",23.737287911880784,"3.0277181664735395e-214",40.93128518404176
"R110",28.993195620887008,34.88799074211765,8.095,36.5569353248192,40.566550551332234,10.31,"5.491760442917303e-279",51.10850919814739,"0.00015031004216485428",4.2885019007417,"5.898587114957369e-183",36.25886103992643
"R111",28.951044801143215,31.632738934218565,21.95,22.308151280232845,29.284435334519802,12.343,"1.0197399133690352e-33",-12.772271628622823,"3.480139730173987e-112",-25.900606341670183,"3.357545258721157e-211",-40.46953011096708
"R112",31.986813062605314,37.98919509564519,6.041,26.74578414599026,36.779169463658846,16.151,"7.297733787488123e-18",-9.030092294519822,"1.490402245672553e-138",29.79553464465013,"1.940421735185288e-138",-29.736827286675876
"R113",27.628395266311877,33.7113449342878,24.076,32.938253744591904,35.91238254215045,15.941,"8.960499777167799e-79",20.772209115913597,"5.793552636672908e-41",-14.240819495650607,"1.453158681475134e-100",24.121355926955744
"R114",29.740523778632742,31.997195925765112,61.665,24.56364399491582,34.990643702199016,33.147,"7.913816544469466e-84",21.568511878216107,"3.1340858100979653e-239",-44.84216548763223,"3.272668969055831e-185",-36.5925719790047
"R115",31.56340884978495,34.215587032030875,12.052,30.184391919747203,38.69222491401795,4.453,"4.2104924585160174e-166",33.792840526695294,"4.594558562945232e-100",-24.079103231568574,"2.695333938434534e-13",-7.686785978279152
"R116",27.895460429909665,35.47098167018083,15.388,26.72488041391017,36.88624536042657,15.683,"8.095207946015847e-27",11.262749336554023,"1.0",0.8337687073226856,"1.0072632244059142e-11",-7.180383939616912
"R117",30.971071303540555,33.13289003233974,31.503,27.312656734690965,35.73605345551159,19.123,"2.707982642519431e-72",19.7314045395775,"8.864120238447687e-84",-21.573415336245848,"7.596417262449698e-79",-20.765217226297274
"R118",27.801244717703625,30.16032827021351,21.745,25.584085940524123,30.882114604324485,20.974,"3.6011691134398674e-7",5.502903723821772,"0.6153861142419205",-1.6861185705061417,"1.9926649682031608e-55",-16.879244836853672
"R119",34.839261363791934,34.106534517895476,26.419,32.1187873507462,32.95857306827961,24.225,"3.137149361593984e-24",-10.655357948168337,"0.00029560441048014075",-4.126166610619409,"4.125296704829504e-63",-18.19727508835762
"R12",25.59037504322202,32.383103874527244,8.642,30.562805118086214,35.24562658054984,10.608,"2.042592504339298e-76",20.395770297324795,"2.5237020649818276e-10",6.7208112065725345,"1.3759718194296523e-142",30.343455584606914
"R120",29.493715656944826,34.68597585043304,20.33,32.027715243908354,40.362690358575,11.981,"1.3972498912303317e-271",49.8911956057449,"3.5037911001670894e-67",-18.905490674910027,"4.980105416156281e-58",17.331455118628405
"R121",32.84766760394454,33.39975032749533,15.14,32.87591756249078,35.11820314342829,34.815,"1.184451341414857e-43",14.749719692584144,"8.177495211675232e-150",31.450878446386593,"1.0",0.17520197990827965
"R122",25.963799330191172,30.473234312908165,40.699,23.480497794307855,28.011745473900845,21.797,"1.7600984134659317e-67",-18.943110666276485,"1.8432776839553621e-146",-30.958228859876904,"8.786197614429669e-59",-17.4613892710712
"R123",30.840794397063025,39.3758255588828,4.588,23.664085667158837,37.04812816585434,1.464,"1.6106056977002913e-65",-18.61597082868154,"4.570907147282538e-55",-16.844698740677742,"1.0938670459081628e-235",-44.21563001138478
"R124",28.274500444867687,33.60358752601627,12.848,23.708924915835322,31.574384893940326,34.172,"2.231512047601588e-17",-8.896422613088468,"1.6784561710468687e-127",28.175017871517422,"1.3106282661784832e-70",-19.441376135341454
"R125",30.847492286550008,28.636276492804097,47.69,28.483032904241718,30.39708773855886,48.743,"2.479592391834866e-40",14.108348866947367,"1.0",1.309540684740932,"4.997639283956674e-55",-16.808552325423882
"R126",32.93842003813807,39.13099497009416,6.699,25.374859089874192,34.81321612655206,4.633,"1.9132185979016585e-160",-32.963346267414614,"1.4142255033318136e-17",-8.963248251668295,"2.6878308651332995e-263",-48.55545202879354
"R127",35.71497119821432,35.03108797304792,52.278,26.932100320094076,31.465629351140137,15.393,"1.3765386165161722e-135",-29.329881745698362,"2.581838561422511e-268",-49.46940875529688,"1.150095695729312e-272",-50.059929911277415
"R128",32.12205241186212,33.103909950769435,14.868,34.36214152664062,38.57390931505663,22.714,"9.13967850014579e-305",55.41122563860942,"2.733139872378059e-43",14.691041898550273,"1.1661565196072006e-37",13.571313872780486
"R129",32.24524497251921,34.03500303167422,26.704,33.3189096343938,39.28053571150729,16.283,"1.336243412470244e-272",50.065786768312435,"1.0970650055569478e-90",-22.646241659593187,"2.0453822792770045e-11",7.077309201792958
"R13",20.840883036635287,29.75432607315251,1.138,20.147310297874995,25.59279243122012,13.673,"1.4202540430363316e-123",-27.56805102291435,"1.935941482882084e-155",32.278241491472684,"8.651509816510179e-9",-6.140717657877134
"R130",24.14244630021346,31.367361696654648,4.885,31.066697787256533,36.23056562673484,10.437,"9.763769996038205e-201",38.908903928502795,"8.660790123086328e-64",18.340026264565935,"6.328527076698498e-235",44.096355318663505
"R131",28.525783844685744,31.342595230718704,29.558,24.80123137561714,27.472077571329987,24.863,"9.128326369406977e-133",-28.916415445622793,"1.4954066263354795e-21",-10.008954501481163,"3.3430813813529136e-127",-28.088802508906976
"R132",27.511779213531117,34.115701547238494,10.422,22.61604866753344,28.766716954565037,14.353,"1.71262279258028e-227",-42.95251102915123,"1.0936522586293983e-24",10.774378630740598,"5.733973880432622e-133",-28.935931605794458
"R133",24.741763460377687,31.529136585034554,22.008,24.267508980507788,30.560568497777854,21.104,"2.3001314364761446e-10",-6.727370372244401,"0.13532589185998226",-2.3382192249692153,"0.003494809440847915",-3.4872033589253553
"R134",29.008068357035892,37.294985518336176,8.173,32.634504813139124,42.33189674722818,5.483,"1.0411023035658379e-208",40.10155667888674,"1.4708841351844676e-22",-10.260105268136254,"6.968096022253012e-95",23.257739133220838
"R135",25.099806325873423,34.388270888681646,10.997,35.56500965993649,40.7009748612431,21.709,"2.324534880043405e-221",42.016634779165855,"5.0491450949565056e-83",21.45464442783683,"0.0",62.54979873707162
"R136",29.098164657675113,28.167217117859714,31.173,25.978092358343904,29.286583960974127,41.009,"3.731847223944293e-16",8.552201318671536,"7.399454663194635e-51",16.094846278813538,"6.928481570261245e-104",-24.623300957062245
"R137",33.72476808701066,34.457573288102914,21.839,28.28269569340122,31.32504780984601,21.391,"3.878285122871739e-120",-27.06200901447255,"1.0",-0.9851983336600266,"2.8741488615728233e-170",-34.39195803868603
"R138",26.130188159630844,32.478407954509315,5.512,31.722513380386882,37.654869100503035,10.835,"1.650677763500097e-219",41.73143826132404,"7.78188676163153e-53",16.449443744193196,"7.919228421624305e-161",33.009149596106774
"R139",32.12367783550457,35.32518265211996,19.563,25.539276183545873,31.697175495846793,18.063,"7.441849388712388e-135",-29.222176354166244,"0.27764859526977753",-2.0532198248755034,"1.6365198528254487e-197",-38.41741904524729
"R14",24.841134105011058,33.858770271431005,10.017,28.80221529353178,33.14983956865102,14.017,"3.9455729109766314e-8",-5.893020254002157,"1.0835869782877121e-25",11.012143201386225,"6.74514788952846e-78",20.614358825133955
"R140",35.594143221589896,33.41089420947274,33.666,31.03890094021473,33.79663404788451,18.849,"0.0012177398579014595",3.7741226736499676,"1.490542295145848e-112",-25.957000935913435,"4.643260023817186e-155",-32.16608568054068
"R141",24.48594042881611,35.63391642581562,0.428,20.8433090132791,34.024286338052605,1.396,"1.1621034258989875e-22",-10.27470468884555,"1.4450103491702581e-25",10.982467612762997,"1.1079213803418258e-108",-25.343329721577497
"R142",31.016600976402124,33.73515383753045,34.193,26.625241574002118,32.638731533169405,27.158,"2.486377798412747e-15",-8.313968998256932,"3.089581751765667e-27",-11.367689967791412,"5.532240047922533e-137",-29.523992871759766
"R143",26.949107488074162,36.22469052962951,7.684,30.912534967687982,39.17493342726307,5.147,"1.1060686141490061e-112",25.956358523897435,"6.677625804821089e-19",-9.323383524433526,"2.078481460204925e-100",24.09745105527641
"R144",25.44365080730902,33.13883275571695,13.02,23.555957836903485,31.506315484981222,8.701,"1.8287494127700337e-36",-13.337547741414268,"6.362060281346509e-35",-13.031573231999495,"6.619634299024861e-35",-13.011108225948924
"R15",29.171147260560144,26.83365690116037,52.178,25.381481364898914,28.899810130809275,39.229,"3.2533070072647914e-46",15.231028354590798,"2.0795068267118435e-53",-16.5514569135198,"2.5172776553467047e-154",-32.057047166965205
"R16",34.745039663696566,35.019535616728284,25.004,24.004964819463414,33.346195434746576,3.082,"2.795380035896199e-34",-12.889554406154833,"1.7632318005373594e-229",-43.33072208545,"0.0",-64.57293967116598
"R17",27.08680243031805,32.44503679541581,22.001,23.287974738412128,30.5352310521624,14.254,"1.590510633497205e-36",-13.350296090856403,"8.554881592314465e-65",-18.50850032017182,"2.2653394354520402e-119",-26.932629890335804
"R18",28.721981182727166,34.586647849049896,5.919,30.177782471293,38.54799637767248,4.303,"1.3082143470778383e-150",31.523710922727197,"6.923821091677686e-12",-7.255018815039346,"1.7167069330924832e-17",8.920231569657536
"R19",25.871447016857307,35.40399908233546,1.289,26.41747622798027,36.10921742294357,5.787,"1.3000271854753596e-6",5.259754779481658,"1.145324160555048e-115",26.421832811476346,"0.004059259106720059",3.4454267699849153
"R2",35.26545273783617,33.85381966802509,29.254,35.26760993761721,37.08643510446251,16.049,"1.4064535769304287e-160",32.98372771602363,"2.2546586773260693e-80",-21.035898710650617,"1.0",0.01438393439815016
"R20",26.093704470606838,30.700033060791345,15.498,26.705307352996364,29.47084592464429,29.373,"2.0839715859642058e-18",-9.179103404620719,"1.1279874296493947e-124",27.759372802035127,"0.00010015360631089624",4.359679424936709
"R21",22.452946532530003,30.58263322376832,10.643,30.23005398253737,36.603713709557475,9.298,"3.827415615184178e-232",43.66547067931448,"0.0008160274850093215",-3.8771866776236963,"2.841612929991536e-238",44.61619713432083
"R22",26.737268394253643,31.86237004206006,9.913,35.28024451166179,39.7412214983412,7.919,"0.0",71.8024315956038,"7.582718056620633e-5",-4.441878073612693,"1.4832374411528784e-281",51.50911089810232
"R23",30.813849171268238,29.741371963420185,51.301,27.252431951564642,28.178724964742475,39.16,"2.3228281602504645e-32",-12.486008827990839,"5.250004036981126e-54",-16.657465720657648,"5.785110676775157e-120",-27.0205112088701
"R24",26.337684056175313,31.401833279924272,22.891,23.548942022705727,30.172524675394126,30.099,"2.3151394236296157e-19",-9.434485443322389,"1.4514573985497244e-41",14.357974325147579,"4.658504004784544e-82",-21.27206448894595
"R25",26.189472855496597,33.956845626993115,20.451,22.69130569919369,26.182151761870927,30.239,"8.794493055894538e-291",-53.064475917096836,"3.6954534018592624e-36",13.286094166952697,"6.058446833805912e-113",-25.979972325290156
"R26",28.672438409459836,28.418037391095833,47.207,27.568980480316913,28.655382880862483,38.072,"0.39169378563990126",1.8948981177204292,"1.5594942183773133e-32",-12.53207736026964,"2.1114077883999575e-13",-7.720390694526669
"R27",30.914460021208246,35.21454572460248,17.065,34.33391753796007,40.35563689104594,17.711,"3.060204256521897e-255",47.276400639169914,"0.999207391257542",1.4403725631782731,"2.1580149047958144e-72",19.731238818336806
"R28",31.735387011429296,37.53449199952398,13.298,27.243412615747317,37.39095080927457,18.273,"1.0",-0.9995886335029717,"4.008263388362993e-35",13.073866262600777,"6.165168926043661e-111",-25.680388265466004
"R29",27.471408133274416,39.58323909631738,2.395,26.167382312621942,38.08415469726841,5.721,"6.137758484621256e-24",-10.585116467910021,"5.205015582007266e-59",17.53011387272161,"5.586771902691258e-16",-8.493210537224194
"R3",23.742426007097016,32.89455209831595,13.683,26.316212311088247,30.7521760805929,30.08,"2.341737015255447e-44",-14.88357056439478,"7.205838588797983e-180",35.86493495725112,"1.0217415540374629e-66",18.800727744439236
"R30",26.983554038270412,31.62034559637228,14.27,27.418398033793327,34.579043682636794,22.388,"1.1234998918783725e-60",17.799434058548396,"9.852230024049954e-45",14.965528137762787,"0.06461864814616419",2.589857469678297
"R31",26.048278215494054,34.86549513483515,9.661,26.135146498539658,31.720984036492947,32.603,"2.0259928364622676e-75",-20.235444383147385,"3.457551863914775e-143",30.47600192359262,"1.0",0.5112577996631389
"R32",28.82256705649444,33.669724581660795,28.632,24.77722821682846,28.213975855776404,33.747,"2.738691892224352e-180",-35.87769196275924,"1.3522817841647884e-17",8.969199351828303,"1.0038398390925895e-125",-27.87104256682616
"R33",23.83161650009614,32.17058587510203,7.54,28.457288324710937,36.87115349573237,3.759,"2.025973032065796e-152",31.791308993166506,"2.3947476535521102e-45",-15.081602963139328,"1.171045323303987e-133",29.037324413486065
"R34",31.844461918974083,36.41913644408821,10.788,34.0273916806483,37.56407567836194,13.35,"9.64593793731054e-25",10.777538554043595,"1.1351640507538873e-6",5.297255890515534,"5.97006599245593e-42",14.413864546451455
"R35",30.28871034496275,32.028626602271736,25.41,26.98529860681528,29.152436486125772,28.077,"1.9274786834227704e-105",-24.875757637059333,"0.00018018947465999613",4.244421705255859,"8.647688977062299e-84",-21.54399911154545
"R36",35.487922914407804,33.118982940077615,34.82,34.2015419435787,39.027599591691015,13.913,"0.0",61.41023949841949,"2.8384115825936654e-119",-26.960962913316322,"5.5402749346052586e-14",-7.900433485735139
"R37",35.574678770529516,35.53689174685699,30.926,30.780197950775513,34.819912897717046,14.824,"4.6026727317577327e-10",-6.61973451855071,"2.955612540417981e-109",-25.462696537604014,"8.15419755066835e-174",-34.914021680329746
"R38",29.168858741483447,30.707428914721365,37.012,26.905264019036945,30.821505224962692,36.743,"1.0",0.9172727459722355,"1.0",-0.4491354104196553,"4.131000475092588e-70",-19.35925286921966
"R39",30.451864831152683,33.37407393184793,18.575,30.960592313254033,38.46290426806224,19.057,"6.364175097688515e-239",44.71867587203672,"1.0",0.8799757538871924,"0.012358587493707227",3.125106805842601
"R4",29.678174453445347,32.233614220518554,25.705,26.490643010323314,34.98161846268877,20.156,"9.983037120100346e-76",20.285165929885064,"2.2367901992013785e-24",-10.700109088283074,"2.048364029235659e-74",-20.05770949428023
"R40",33.44098598252825,33.136387079988836,15.778,31.976792962092027,35.804924831862685,13.291,"7.464706023172372e-114",26.131220764700572,"6.678086491386232e-7",-5.39688701033215,"5.008898857317465e-21",-9.857075835212713
"R41",27.816069013310617,29.208828914446013,28.753,28.841811857011972,29.838364596729917,48.626,"2.028454787392906e-6",5.174287661115729,"2.8635650962016605e-145",30.781910913264895,"3.6201326393868676e-13",7.646138704624206
"R42",27.78817114324191,34.15421250154002,13.896,26.087736386398223,36.467515395935905,8.627,"6.735697278050632e-52",16.266408941125952,"1.2808863626297028e-42",-14.56227583361549,"6.062416827712279e-23",-10.335327529546007
"R43",24.36100471596004,30.882059179674062,11.196,24.049295386038292,34.56885403200831,7.112,"3.1801181748362423e-93",23.024412365532978,"6.452561418987151e-52",-16.285549707275624,"0.20048070220317027",-2.1658694189506793
"R44",25.909427979915318,37.70971192265449,5.863,32.44731795121735,41.77988834805456,7.7,"4.351858954222309e-146",30.863874771037377,"1.018484459414956e-12",7.527172079675529,"7.08174486877082e-216",41.178386183068646
"R45",32.17965192127664,33.839058173269265,7.661,31.23899747707973,35.41701378574152,18.403,"5.443095640246643e-43",14.623034198335745,"2.6010372277840312e-89",22.432647245901578,"5.102049573862358e-7",-5.428778381899384
"R46",27.24511822811057,35.58997153030369,13.225,35.094083891078384,40.53898965870232,16.16,"1.9575668272995917e-238",44.64118347616901,"3.004259539697431e-12",7.373831838612918,"1.9619315855728963e-224",42.481531922564756
"R47",24.120736607741556,33.93715919804532,3.739,28.562571478317224,36.54663546156343,7.374,"1.2065057525918558e-68",19.135523225747857,"1.1561869552347724e-43",14.76296261244954,"2.4871314889322456e-134",29.13621096887437
"R48",26.71962488100494,36.49345633684682,3.356,25.925504378054026,37.759872845648324,2.268,"1.3654781294817017e-19",9.495165182985913,"4.3945612092812903e-11",-6.984624104994095,"7.66301805684938e-6",-4.906367175711883
"R49",28.773733283615748,28.073138996944294,51.47,25.890217691543292,29.59163631634706,58.92,"3.4506381713475353e-29",11.7977324960387,"1.4394126775609663e-32",12.539982750959162,"6.1826684033769425e-114",-26.127399385936393
"R5",26.769841495528564,28.562960682959215,23.56,21.72464416011126,28.78227092816602,30.613,"1.0",1.0308291536007876,"1.0033679727492204e-16",8.72606391180746,"1.3421890795815624e-104",-24.731635246860236
"R50",30.71054891820965,37.17459698755433,9.968,18.76464000181807,31.285179597406703,4.104,"3.87258694570014e-166",-33.79912375377827,"4.071863042675027e-71",-19.55063503725112,"0.0",-75.4810018225512
"R51",34.659310643046005,35.65025162886857,50.816,25.722568958540258,33.75945150904246,24.037,"2.1975049789856186e-42",-14.506912518875726,"1.023592714084164e-198",-38.67417495725373,"1.0857416570294134e-304",-55.37297877818016
"R52",27.595520432062404,35.02887355296223,5.325,32.23342137450445,40.49265209824742,5.987,"2.5097333575472634e-274",50.34840413825003,"0.11833395776236709",2.389650334907974,"3.227720402623596e-129",28.385105876066966
"R53",28.740342025724033,34.10540398124691,21.227,22.691107227768704,27.748777252898318,14.04,"3.5175389028208546e-203",-39.27413170660147,"3.004499135069576e-50",-15.984211724786485,"3.3593142860364464e-212",-40.620992210788
"R54",25.927553962519887,31.103247928651623,43.254,25.127761464925438,28.692208873753952,30.015,"1.829417854668209e-69",-19.270197196338046,"2.0701031330679684e-80",-21.042410928080294,"3.570072209425621e-7",-5.494776387930508
"R55",28.350551189882278,33.55173166392504,17.265,25.425841543926765,32.671356711990995,38.707,"9.474238059507834e-5",-4.3817349238150225,"1.027775041918824e-102",24.479659612732398,"9.033118980245708e-35",-12.982855850732532
"R56",27.941762559666223,31.8992414175339,17.296,25.9972555011298,34.34551151043137,32.82,"8.43485912306012e-55",16.7825168976397,"2.1896924238081413e-124",27.71598722935639,"4.01746002710209e-25",-10.860749402263984
"R57",27.178600611191836,36.727832860634685,9.784,34.20323880841536,41.371305217463906,5.311,"5.759802449747549e-221",41.95525535203553,"4.5207678488625204e-54",-16.669507745039663,"4.3657019715806884e-247",45.99282043315021
"R58",22.007559673141284,31.859561984732505,0.883,23.613304075794563,38.60879547938342,0.917,"1.0927011438554773e-236",44.36969852607487,"1.0",0.41563874299366094,"1.5744500490133676e-20",9.729197847061911
"R59",27.011154573167858,36.506691248587416,2.146,22.162338247157876,33.91000822445566,12.109,"6.290041744620057e-52",-16.27220639645289,"1.670936823685695e-134",29.202317406076773,"3.710166975582626e-130",-28.52317674587932
"R6",36.803473335094814,34.47826104906852,71.706,30.336842145960688,32.08600781914719,44.973,"2.008096664068229e-91",-22.748225938155837,"3.1595785861948674e-117",-26.655073630264535,"7.552986715008121e-222",-42.08576688751568
"R60",25.31285304432114,31.19173688419989,20.34,23.70529226918654,31.294443227960514,16.329,"1.0",0.7326774819090535,"6.3366737038744224e-21",-9.84898208383163,"1.7476542304817643e-27",-11.407343653815838
"R61",28.69606405923182,27.048873918593745,39.421,24.551621038936062,28.498412635306128,32.999,"2.0188587543408628e-22",10.21515434862926,"2.4779995902689797e-12",-7.401522262488465,"1.1181736633417368e-141",-30.20959892015991
"R62",26.126177963817064,31.655324807072287,21.986,31.73650739638128,37.72712157233866,16.135,"6.70076961246089e-220",41.79226376840287,"4.6124900307426256e-35",-13.060805176327783,"3.946420569737216e-189",37.17405981566518
"R63",31.953648279908176,33.3565807182532,24.207,29.04789825553769,39.31712059859746,8.17,"5.0761333721071253e-287",52.437877845967954,"3.843655467128166e-179",-35.755852647356654,"1.5659769782254233e-64",-18.436841703147778
"R64",34.49958324887946,34.256683356958405,16.721,29.13546313173809,33.427074117442345,18.959,"4.035262303664594e-14",-7.952122805157342,"0.00026718314456951423",4.150726002924522,"8.659404739164469e-191",-37.41995760866837
"R65",34.2515913192682,34.537919896684414,22.497,33.77371787911636,38.422140079398076,19.946,"1.2363134522564857e-180",35.929537988339874,"0.004053473905822699",-3.457484682861724,"0.057914060605660116",-2.628872949766471
"R66",32.32341539075645,35.50860704673109,21.706,25.659460853554595,35.619244673568666,17.568,"1.0",0.6833135759576828,"9.122127615317385e-12",-7.214953436670586,"3.330536198670676e-187",-36.88797312798057
"R67",23.354201404435297,28.590754022826943,41.111,27.915450734766587,28.565128320447464,44.946,"1.0",-0.17808985021652385,"0.00022538823567672518",4.192083913573242,"4.7809607515952613e-104",24.647950525574373
"R68",29.785984715837778,37.048453284822806,11.128,30.468353328232894,37.70703668512019,9.23,"2.8231007229637275e-8",5.950716293549716,"3.227997541613078e-6",-5.095961906365179,"0.00032658016946821104",4.08594892309836
"R69",26.02729357167019,36.48514580854883,1.797,17.932687707321417,30.937866465550286,2.242,"4.629796901529415e-192",-37.61722603378015,"0.06713233208854401",2.595011090449437,"2.4490577e-317",-57.548250918344905
"R7",36.92716874953315,35.96372094658205,34.884,27.142770806668977,33.939653218073225,18.605,"3.7157260743591057e-60",-17.71057394480293,"1.4479344313923796e-91",-22.78190176032147,"1.328786407473183e-304",-55.35394146532129
"R70",24.57301652834545,32.48578519730885,4.573,32.6887133091079,38.43212851707983,3.342,"2.6086426923922953e-240",44.93537329945402,"5.905748251103265e-9",-6.220123040548841,"1.4859720504794535e-260",48.11672788237484
"R71",34.86484372198758,33.38510996762423,26.313,33.06836642277261,38.129442256795286,18.49,"4.833975069314477e-247",45.98838139776737,"1.1059066598899425e-41",-14.381253950556475,"2.464433455716281e-28",-11.59970986932426
"R72",30.773628020594312,37.538482630261,6.147,28.731276120880377,37.459555670939785,8.419,"1.0",-0.6556575262699935,"1.1936455692066205e-17",8.98466243033608,"4.6842784723571805e-33",-12.62419173861957
"R73",24.72196593549906,31.49716442244485,16.917,23.244084756199875,29.91333257454109,14.146,"2.3710378629996933e-28",-11.610292741622285,"2.1050405911886905e-14",-8.049212589715292,"3.967313581430991e-26",-11.096124618890553
"R74",26.870560544744365,31.41764957333237,21.767,21.770323784747347,25.366797110570253,8.815,"1.0565011883562014e-192",-37.713367391810976,"4.8999749039459824e-117",-26.62596205715449,"7.87018020130791e-176",-35.2099120998241
"R75",30.103259096468335,35.12962171645229,33.827,24.030564903469127,28.58298750542262,26.796,"3.8400983978333253e-234",-43.975995829840905,"4.466618870597148e-22",-10.140404660901865,"1.5262680120670873e-229",-43.26553615857657
"R76",28.237913009438355,29.244609520835873,34.242,23.417075565952086,28.235176485692605,47.907,"7.11094916615574e-7",-5.377323508890562,"1.128519944119547e-42",14.573332716372617,"3.5243723769572755e-103",-24.516786762205697
"R77",30.33188324159213,34.733354936088695,9.437,30.485755513438257,34.05118628614257,22.7,"1.961009515091621e-8",-6.012901511335744,"1.2526433448013392e-145",30.83561248381438,"1.0",0.969036469772232
"R78",25.974034179742652,31.952917701719684,15.898,24.798741268162306,34.69229561036852,20.355,"5.440723980580617e-58",17.33822209216249,"3.51739876237429e-15",8.282187216065559,"3.7859010859987223e-10",-6.640063014421261
"R79",36.47990779190293,34.462620028203716,55.867,30.371793189001117,32.04685038310262,27.808,"1.1822264153791226e-85",-21.85463912714158,"9.72084936526417e-167",-33.92869633403225,"1.2916838957045698e-203",-39.33105524660663
"R8",30.736571304269287,34.855244227324825,8.185,35.01934000168075,40.63779150382829,5.902,"4.122437185541511e-279",51.13307468149012,"6.328348807287148e-11",-6.930046285038195,"5.450893530351487e-112",25.837380515490047
"R80",23.493333148195255,29.897535021506204,17.516,24.64395549680724,28.590510078595013,28.632,"2.845304738512046e-18",-9.142122981509806,"6.68709809341757e-109",25.408684326110613,"1.822086174262396e-18",9.185693743780154
"R81",30.49938505634448,28.130377986911363,81.535,26.23009291405076,29.31404627941483,60.289,"1.9136689030486594e-14",8.051053149906416,"1.0979719717422565e-104",-24.777780419420193,"2.4055871417724665e-154",-32.060630832764176
"R82",28.712831955157725,37.679009955535996,10.081,28.489323167233145,38.13176178824748,4.443,"0.0029148399751326853",3.5453753439483244,"1.100696517112775e-103",-24.626105627709283,"0.8231225232963469",-1.5243038145965238
"R83",30.326325378832202,28.171863630496652,43.421,21.92748052535976,26.342962936422666,13.755,"3.33249006097102e-40",-14.082838584759529,"1.5968333019703164e-213",-40.90035671167421,"0.0",-75.54592556142141
"R84",24.86929931684088,35.834426664191284,2.432,30.954824871065085,41.7137319322486,2.189,"1.6229630796812388e-260",48.113353449754754,"0.5793506204884019",-1.7165541677607379,"1.7051355441732303e-202",39.16160667949759
"R85",29.515609225406603,34.434344880428746,14.152,25.241002424338042,32.30812054166777,12.102,"3.5611226835327005e-42",-14.466280670620392,"3.655804695487173e-8",-5.914942213266234,"1.8464152333517932e-115",-26.353627860268908
"R86",36.57968689600478,34.217439535821306,33.627,35.03117396455352,35.7923037645842,44.088,"6.879894139149646e-54",16.621830528963738,"1.2397292923038475e-38",13.783236674122296,"1.8968188368153358e-23",-10.459516728294702
"R87",27.562150876030135,36.366091585025686,3.806,33.36301710555964,38.66826897110531,11.578,"4.711976591899888e-80",20.974961172917595,"1.0917219687198612e-96",23.5668012238308,"9.661351538549272e-171",34.46198905631072
"R88",31.077056273649944,29.333407936601557,51.325,29.637400540555216,27.69821094580539,50.476,"7.476691844252456e-49",-15.716288537811149,"1.0",-0.8978340969827194,"2.600180623127193e-24",-10.668279355743858
"R89",25.266533936452646,32.50846782482437,12.756,26.60348598509144,30.600045236536545,28.47,"2.9120993750022234e-43",-14.675163930258046,"3.225396734112022e-151",31.656844908894982,"3.442197707329007e-15",8.263019541303096
"R9",32.91831858361943,34.6301563802193,24.753,23.559768415552693,34.19983273891418,5.458,"0.020882913113949252",-2.975337910255069,"3.438243036658767e-256",-47.50691862244815,"0.0",-64.72893180703106
"R90",30.07904991346351,33.36616719867898,45.006,26.706178909995412,30.485116744140637,45.526,"1.3629622051801352e-76",-20.424351222377325,"1.0",0.819119492237036,"2.258023948316466e-110",-25.596059089667566
"R91",26.483695409463195,32.327052326564534,5.716,33.251598263213594,39.251266015405186,16.18,"3.88130847e-316",57.3665070755104,"8.066794665649663e-95",23.281246246612543,"3.0028282496425914e-206",39.72670755098763
"R92",28.901053534256317,39.26388077588788,8.375,33.32147310366754,42.449371755522876,7.803,"2.1524627046512387e-94",23.204739620797998,"0.5042869560828454",-1.7846654213283266,"5.025190037927635e-123",27.472496478659824
"R93",28.090918183306105,35.08740004971937,21.973,34.69537347032393,41.31906272068171,21.021,"1.6195425913041264e-225",42.649711324774294,"0.503226902122404",-1.7873612590066044,"1.9137367403953972e-218",41.56747838022478
"R94",27.555582220785485,31.663029953484536,22.263,23.60575414722813,28.85867701414881,40.301,"1.5459067976077923e-36",-13.353287325677675,"8.4559970286911e-134",29.097149387425546,"2.2470734577218692e-63",-18.241988709199916
"R95",29.322804416117187,34.89195554028589,5.07,33.895756605585404,41.91892246484461,8.844,"0.0",60.09162028950877,"6.07620007453748e-44",14.816322804416854,"4.661646577206326e-107",25.100044268902884
"R96",23.59478360364174,33.79424465941758,7.419,21.73692210366316,28.37262593894777,33.002,"5.243612130056626e-105",-24.810049271154043,"4.59845346718498e-200",38.87840781019073,"9.794556392943162e-20",-9.522852816026951
"R97",27.61333362710778,36.312131367869156,13.26,28.538993150459667,38.99330833003483,18.688,"3.654871174656395e-83",21.464097738590368,"5.543069964060706e-51",16.117953458876332,"5.825708994825088e-6",4.9619738369308
"R98",25.783363180226516,27.886620263528876,39.522,27.57090702062706,27.98062902591398,68.981,"1.0",0.6666226642830945,"3.234798255507643e-144",30.627203884620904,"1.0784437451213134e-23",10.519235958117775
"R99",24.979618960241474,33.326529308894344,3.784,24.605675278907306,29.441204752083493,17.989,"3.036617619807587e-145",-30.7402565929533,"6.322258428863114e-221",42.023089106790486,"0.1725325976098089",-2.226525303653951
